{
    "HP": 100,
    "Position": {
        "x": -5.949441432952881,
        "y": 0.07999998331069946,
        "z": 2.140101671218872
    },
    "Quaternion": {
        "x": 0.0,
        "y": 0.0,
        "z": 0.0,
        "w": 0.0
    },
    "Gold": 1000,
    "Exp": 660,
    "BossKillPoint": 0
}