{
    "HP": 100,
    "Position": {
        "x": -1.9745631217956544,
        "y": 0.07999992370605469,
        "z": 10.386260032653809
    },
    "Quaternion": {
        "x": 0.0,
        "y": 0.0,
        "z": 0.0,
        "w": 0.0
    },
    "Gold": 1000,
    "Exp": 600,
    "BossKillPoint": 0
}