{
    "MaxHP": 100,
    "CurrentHP": 64,
    "Position": {
        "x": 3.0811054706573488,
        "y": 0.07999998331069946,
        "z": 7.971495628356934
    },
    "Quaternion": {
        "x": 0.0,
        "y": 0.0,
        "z": 0.0,
        "w": 0.0
    },
    "Gold": 1000,
    "Exp": 660,
    "BossKillPoint": 0
}