{
    "MaxHP": 100,
    "CurrentHP": 100,
    "Position": {
        "x": 9.30862808227539,
        "y": 0.07999992370605469,
        "z": -20.51833724975586
    },
    "Quaternion": {
        "x": 0.0,
        "y": 0.0,
        "z": 0.0,
        "w": 0.0
    },
    "Gold": 1000,
    "Exp": 1000,
    "BossKillPoint": 3
}