{
    "MaxHP": 100,
    "CurrentHP": 72,
    "Position": {
        "x": 0.23943574726581574,
        "y": 0.07999992370605469,
        "z": 8.757776260375977
    },
    "Quaternion": {
        "x": 0.0,
        "y": 0.0,
        "z": 0.0,
        "w": 0.0
    },
    "Gold": 1000,
    "Exp": 1000,
    "BossKillPoint": 3
}