{
    "HP": 100,
    "Position": {
        "x": 26.652002334594728,
        "y": 0.07999992370605469,
        "z": 28.15411376953125
    },
    "Quaternion": {
        "x": 0.0,
        "y": 0.0,
        "z": 0.0,
        "w": 0.0
    },
    "Gold": 760,
    "Exp": 90,
    "BossKillPoint": 0
}