{
    "MaxHP": 100,
    "CurrentHP": -306,
    "Position": {
        "x": 73.80731201171875,
        "y": 0.07999992370605469,
        "z": 94.02694702148438
    },
    "Quaternion": {
        "x": 0.0,
        "y": 0.0,
        "z": 0.0,
        "w": 0.0
    },
    "Gold": 880,
    "Exp": 800,
    "BossKillPoint": 1
}