{
    "HP": 100,
    "Position": {
        "x": 13.682832717895508,
        "y": 0.07999992370605469,
        "z": 16.862117767333986
    },
    "Quaternion": {
        "x": 0.0,
        "y": 0.0,
        "z": 0.0,
        "w": 0.0
    },
    "Gold": 1000,
    "Exp": 510,
    "BossKillPoint": 0
}