{
    "HP": 100,
    "Position": {
        "x": 4.795335292816162,
        "y": 0.07999992370605469,
        "z": 18.50847816467285
    },
    "Quaternion": {
        "x": 0.0,
        "y": 0.0,
        "z": 0.0,
        "w": 0.0
    },
    "Gold": 1000,
    "Exp": 0,
    "BossKillPoint": 0
}