{
    "HP": 100,
    "Position": {
        "x": 15.491154670715332,
        "y": 0.07999992370605469,
        "z": 13.20633316040039
    },
    "Quaternion": {
        "x": 0.0,
        "y": 0.0,
        "z": 0.0,
        "w": 0.0
    },
    "Gold": 1000,
    "Exp": 660,
    "BossKillPoint": 0
}