{
    "HP": 100,
    "Position": {
        "x": 3.584137439727783,
        "y": 0.07999992370605469,
        "z": 15.278046607971192
    },
    "Quaternion": {
        "x": 0.0,
        "y": 0.0,
        "z": 0.0,
        "w": 0.0
    },
    "Gold": 1000,
    "Exp": 0,
    "BossKillPoint": 0
}