{
    "MaxHP": 100,
    "CurrentHP": 96,
    "Position": {
        "x": -0.6447324752807617,
        "y": 0.07999998331069946,
        "z": 13.473809242248536
    },
    "Quaternion": {
        "x": 0.0,
        "y": 0.0,
        "z": 0.0,
        "w": 0.0
    },
    "Gold": 1000,
    "Exp": 1000,
    "BossKillPoint": 3
}