{
    "MaxHP": 100,
    "CurrentHP": 62,
    "Position": {
        "x": -7.099152088165283,
        "y": 0.07999998331069946,
        "z": 6.2889323234558109
    },
    "Quaternion": {
        "x": 0.0,
        "y": 0.0,
        "z": 0.0,
        "w": 0.0
    },
    "Gold": 1000,
    "Exp": 660,
    "BossKillPoint": 0
}