{
    "MaxHP": 100,
    "CurrentHP": 61,
    "Position": {
        "x": -4.409035682678223,
        "y": 0.07999998331069946,
        "z": 7.798523426055908
    },
    "Quaternion": {
        "x": 0.0,
        "y": 0.0,
        "z": 0.0,
        "w": 0.0
    },
    "Gold": 1000,
    "Exp": 660,
    "BossKillPoint": 0
}