{
    "MaxHP": 100,
    "CurrentHP": 79,
    "Position": {
        "x": 4.563104629516602,
        "y": 0.07999998331069946,
        "z": 18.041379928588868
    },
    "Quaternion": {
        "x": 0.0,
        "y": 0.0,
        "z": 0.0,
        "w": 0.0
    },
    "Gold": 1000,
    "Exp": 1000,
    "BossKillPoint": 3
}