{
    "HP": 100,
    "Position": {
        "x": 10.108238220214844,
        "y": 0.07999986410140991,
        "z": 8.633645057678223
    },
    "Quaternion": {
        "x": 0.0,
        "y": 0.0,
        "z": 0.0,
        "w": 0.0
    },
    "Gold": 760,
    "Exp": 390,
    "BossKillPoint": 0
}