{
    "HP": 100,
    "Position": {
        "x": 2.812394142150879,
        "y": 0.07999998331069946,
        "z": 15.073527336120606
    },
    "Quaternion": {
        "x": 0.0,
        "y": 0.0,
        "z": 0.0,
        "w": 0.0
    },
    "Gold": 1000,
    "Exp": 510,
    "BossKillPoint": 0
}