{
    "HP": 100,
    "Position": {
        "x": 9.582174301147461,
        "y": 0.5806468725204468,
        "z": 5.222351551055908
    },
    "Quaternion": {
        "x": 0.0,
        "y": 0.0,
        "z": 0.0,
        "w": 0.0
    },
    "Gold": 1000,
    "Exp": 600,
    "BossKillPoint": 0
}